{"results":[{"name":{"title":"miss","first":"cora","last":"ferreira"},"email":"cora.ferreira@example.com","login":{"uuid":"271ebb50-38a5-4001-952a-6bf33a14a472","username":"purplegorilla744","password":"broker","salt":"GMtaagfx","md5":"e25905ebddb0f3262d2d8ae8d574bc39","sha1":"982a22f21d16511da7c31721d33b94180dd02d93","sha256":"db12dccd8ede728525f39296b0d330dc45e5ab18884e55d01767f90b612c270d"},"picture":{"large":"https://randomuser.me/api/portraits/women/23.jpg","medium":"https://randomuser.me/api/portraits/med/women/23.jpg","thumbnail":"https://randomuser.me/api/portraits/thumb/women/23.jpg"}},{"name":{"title":"mr","first":"mago","last":"costa"},"email":"mago.costa@example.com","login":{"uuid":"5456bf08-79b2-47a3-934f-d838cfc7284b","username":"sadkoala505","password":"donkey","salt":"mIV9VBiF","md5":"ef9fa9849de5630222eb350f150a2635","sha1":"f87681fd450d03b49540fcdb3185c9cbc27c6052","sha256":"98a260c19334234f0c13217c19d55c106f7082aefd3c13775f5b3d5df57fc814"},"picture":{"large":"https://randomuser.me/api/portraits/men/70.jpg","medium":"https://randomuser.me/api/portraits/med/men/70.jpg","thumbnail":"https://randomuser.me/api/portraits/thumb/men/70.jpg"}},{"name":{"title":"mr","first":"goma","last":"barros"},"email":"goma.barros@example.com","login":{"uuid":"a4b0cddf-b7d8-48b0-aa42-601d40711bcd","username":"ticklishkoala517","password":"kokomo","salt":"36i9Z455","md5":"803a1bb72172d2ee6cedd0279117b7f8","sha1":"50e39deba70e3c350d83987a601e334119a1c111","sha256":"382ffff8950e75df49c4e658cac43d665217fc263d67a8442c0380e2b53d2dcb"},"picture":{"large":"https://randomuser.me/api/portraits/men/50.jpg","medium":"https://randomuser.me/api/portraits/med/men/50.jpg","thumbnail":"https://randomuser.me/api/portraits/thumb/men/50.jpg"}},{"name":{"title":"ms","first":"queila","last":"teixeira"},"email":"queila.teixeira@example.com","login":{"uuid":"ee2fdeee-8d77-4198-901c-1f6715472280","username":"sadcat141","password":"jupiter1","salt":"QYXKdpGV","md5":"ae8d0febf2715a988b8754f40cd1e2b9","sha1":"49e2141b65b3ee1068a5b4338bb0f7f78a370ad5","sha256":"e1e2a0a66c38d55b03f52869eb058e13e1648c2f8a2a44c5fb78de601fc2c855"},"picture":{"large":"https://randomuser.me/api/portraits/women/37.jpg","medium":"https://randomuser.me/api/portraits/med/women/37.jpg","thumbnail":"https://randomuser.me/api/portraits/thumb/women/37.jpg"}},{"name":{"title":"mrs","first":"zóica","last":"campos"},"email":"zóica.campos@example.com","login":{"uuid":"4e6ccfb9-4946-42ad-8903-8c8b202b67f6","username":"heavyostrich177","password":"pakistan","salt":"ZkK2etnR","md5":"bc3c6a056d1f77166ad6bd32e2b150aa","sha1":"6ff8e46661b42f7939ea10632a498a6979f4a8c0","sha256":"52a2817ad9fe9fa5039ebeff6c2d6fde5b43e1132cabbe36ff579fb36d87019a"},"picture":{"large":"https://randomuser.me/api/portraits/women/71.jpg","medium":"https://randomuser.me/api/portraits/med/women/71.jpg","thumbnail":"https://randomuser.me/api/portraits/thumb/women/71.jpg"}},{"name":{"title":"mr","first":"tude","last":"da rosa"},"email":"tude.darosa@example.com","login":{"uuid":"57c3c8dd-4763-4d7a-bdf1-8724d87d29d1","username":"tinypanda801","password":"phat","salt":"nhBXOO3k","md5":"066fd35bbcfa8ff93de10c587b8643c1","sha1":"0c5c8896da3db59f710d4cf3a80007c386a1154a","sha256":"e226d6bb7e704c46bd7a381726bc2884cc38af209d75a3d99b0adbee09080fe8"},"picture":{"large":"https://randomuser.me/api/portraits/men/95.jpg","medium":"https://randomuser.me/api/portraits/med/men/95.jpg","thumbnail":"https://randomuser.me/api/portraits/thumb/men/95.jpg"}},{"name":{"title":"ms","first":"alcinda","last":"da cruz"},"email":"alcinda.dacruz@example.com","login":{"uuid":"ba7a112b-565d-4a5f-b376-3bf8f4250b5e","username":"organicdog521","password":"randall","salt":"3Ba26rUW","md5":"f46f85362f45c4432ce44ec6fe1c6932","sha1":"6731fac30514b411c3947d8329a78d8c23e8ccae","sha256":"9b180dc48b86f53be7013c438d8548866ecddc036a05d587504243e002773b10"},"picture":{"large":"https://randomuser.me/api/portraits/women/76.jpg","medium":"https://randomuser.me/api/portraits/med/women/76.jpg","thumbnail":"https://randomuser.me/api/portraits/thumb/women/76.jpg"}},{"name":{"title":"miss","first":"josina","last":"silveira"},"email":"josina.silveira@example.com","login":{"uuid":"1e164317-caae-42be-bc96-f9371c352d11","username":"greenfrog670","password":"beautifu","salt":"6ZC0BGBJ","md5":"1decb19a89dee3f2c4476c1d93046745","sha1":"db3d8abaad35d9f16ed34ec72e215f8ba2bf4e31","sha256":"a9327510fd18c43cdb3a75999ef04430001fdbce755e4b89108dac5444361787"},"picture":{"large":"https://randomuser.me/api/portraits/women/36.jpg","medium":"https://randomuser.me/api/portraits/med/women/36.jpg","thumbnail":"https://randomuser.me/api/portraits/thumb/women/36.jpg"}},{"name":{"title":"ms","first":"yones","last":"sales"},"email":"yones.sales@example.com","login":{"uuid":"bbde9859-b03e-4ff7-869e-70de4ccb927c","username":"whitefrog383","password":"script","salt":"mzkDnUwC","md5":"9cea2392d1b625e8d4077e284ae660d2","sha1":"6992d19a175cf2a82751a6c7f43e5055a9207e68","sha256":"e8a4932453e16a1d30b3e9007147a288ef206a082b2f8ee0ec60985d1a850a19"},"picture":{"large":"https://randomuser.me/api/portraits/women/85.jpg","medium":"https://randomuser.me/api/portraits/med/women/85.jpg","thumbnail":"https://randomuser.me/api/portraits/thumb/women/85.jpg"}},{"name":{"title":"mr","first":"quaresma","last":"farias"},"email":"quaresma.farias@example.com","login":{"uuid":"615c9de3-39c3-48dd-9a8e-37f7e3cf98f4","username":"organiclion732","password":"straight","salt":"yo5NIccn","md5":"e2304ef9fabcace125e522521a7d8717","sha1":"680251b8ff117722edf1e2b8e4ede4b8cdf7db18","sha256":"7338a5c9be93e2de94c557da4a30924763c6e24c487c3bb7746a9b3c261c265d"},"picture":{"large":"https://randomuser.me/api/portraits/men/56.jpg","medium":"https://randomuser.me/api/portraits/med/men/56.jpg","thumbnail":"https://randomuser.me/api/portraits/thumb/men/56.jpg"}},{"name":{"title":"mr","first":"enrique","last":"mendes"},"email":"enrique.mendes@example.com","login":{"uuid":"7f787916-5aa0-45d7-b68c-146c85d84be9","username":"ticklishelephant216","password":"fredrick","salt":"LcavHujG","md5":"366ca06538030bddd137af12790cec80","sha1":"a1ac895f29ad8d1e2f075c8fe07a27e7bb22095b","sha256":"6513a58a5c843e8eff4a89e92add1bb5353593d34441873894e2d6182f45f55b"},"picture":{"large":"https://randomuser.me/api/portraits/men/86.jpg","medium":"https://randomuser.me/api/portraits/med/men/86.jpg","thumbnail":"https://randomuser.me/api/portraits/thumb/men/86.jpg"}},{"name":{"title":"mr","first":"ulrico","last":"de souza"},"email":"ulrico.desouza@example.com","login":{"uuid":"0efeca01-2713-4627-bb57-cf5529eedfd7","username":"silverbird104","password":"milo","salt":"ztb6FmEz","md5":"04f7ff609b34364e67b719a79f867e7a","sha1":"2ef64d6bddc3f34ddfde0496e5e1ac04a76cc177","sha256":"ec0e75f2500868b95a2d896f071f3a7b9c87aa0d10e952dedbdd0493092c3b70"},"picture":{"large":"https://randomuser.me/api/portraits/men/64.jpg","medium":"https://randomuser.me/api/portraits/med/men/64.jpg","thumbnail":"https://randomuser.me/api/portraits/thumb/men/64.jpg"}},{"name":{"title":"ms","first":"rose","last":"cardoso"},"email":"rose.cardoso@example.com","login":{"uuid":"3533fba9-68c0-47f7-865b-2bb663ea8003","username":"orangegorilla224","password":"mexico","salt":"1f9RhzQA","md5":"cdf7ad776d96b313c90f1fcb23a8e7b7","sha1":"4ca8e627040deeb1dcd2a738bc07d1917a257f4b","sha256":"1066f55d1d097e4e197967b852cf3479c3213540ce8748d5d377d7084a543a49"},"picture":{"large":"https://randomuser.me/api/portraits/women/96.jpg","medium":"https://randomuser.me/api/portraits/med/women/96.jpg","thumbnail":"https://randomuser.me/api/portraits/thumb/women/96.jpg"}},{"name":{"title":"mr","first":"ivan","last":"novaes"},"email":"ivan.novaes@example.com","login":{"uuid":"8b5f9442-7de9-4604-bd98-5873bb005999","username":"ticklishduck439","password":"imagine","salt":"zgXhIXMJ","md5":"94a3427b25ec6abd704d7470e30f2274","sha1":"ab0d5f1d15a631924364383b6019f3e29fabb4bc","sha256":"c0b08fc83eea1ddf9a3305577c021fd91ad00626d0c12fbb36d1a9d0bedacd33"},"picture":{"large":"https://randomuser.me/api/portraits/men/4.jpg","medium":"https://randomuser.me/api/portraits/med/men/4.jpg","thumbnail":"https://randomuser.me/api/portraits/thumb/men/4.jpg"}},{"name":{"title":"miss","first":"geruza","last":"silva"},"email":"geruza.silva@example.com","login":{"uuid":"c4900585-285d-4424-9da0-ff8b0c3691c2","username":"whitefish227","password":"isabelle","salt":"sKTe12Bp","md5":"ed5f7f9f0c36b879ea9f1e7c4997cd51","sha1":"6640e9e2ff985f9b73800e984e109e2327b176ff","sha256":"9de4c6dffe855165e16df9dc1c9aa6b80306348ae92c30e29452d1663cab55ac"},"picture":{"large":"https://randomuser.me/api/portraits/women/73.jpg","medium":"https://randomuser.me/api/portraits/med/women/73.jpg","thumbnail":"https://randomuser.me/api/portraits/thumb/women/73.jpg"}},{"name":{"title":"mrs","first":"zilma","last":"pires"},"email":"zilma.pires@example.com","login":{"uuid":"f2c2e2e5-9501-4666-90e8-3769c0069ad5","username":"bluedog378","password":"4you","salt":"Znl8m8zZ","md5":"8773dfad1bd25b375701e7baca76b978","sha1":"332c9dce3bb89702e612e3b33810866f9f051d79","sha256":"d57b0bc048f9191417e7bba52c22d9f2a86de916710e77d76af690f305b3ff65"},"picture":{"large":"https://randomuser.me/api/portraits/women/72.jpg","medium":"https://randomuser.me/api/portraits/med/women/72.jpg","thumbnail":"https://randomuser.me/api/portraits/thumb/women/72.jpg"}},{"name":{"title":"mr","first":"idário","last":"gonçalves"},"email":"idário.gonçalves@example.com","login":{"uuid":"f787d705-2e3b-4fad-aded-1c45bd22d1fb","username":"greenmeercat153","password":"junebug","salt":"nJOJ1eaH","md5":"0467c6871c06466b0067ccb478df9af3","sha1":"571927f2ea3a3f743432a8ec9165bc1e46212cf2","sha256":"de11cb8da59fcda491963e0b1cd970480e5d841711b1e092a3ba2d65199c5410"},"picture":{"large":"https://randomuser.me/api/portraits/men/37.jpg","medium":"https://randomuser.me/api/portraits/med/men/37.jpg","thumbnail":"https://randomuser.me/api/portraits/thumb/men/37.jpg"}},{"name":{"title":"mrs","first":"valdemira","last":"alves"},"email":"valdemira.alves@example.com","login":{"uuid":"b6986278-f79a-49f6-9857-296947eb1be2","username":"happyleopard949","password":"6666666","salt":"TUyIlp3i","md5":"29ffeb46b672b951aaba441be01fa94a","sha1":"064bac5532b230082d20375e77c4703e429d7389","sha256":"1c780fab44b93eb049f14154ae4066579242a13659ab60dc3598e3015b8463dc"},"picture":{"large":"https://randomuser.me/api/portraits/women/29.jpg","medium":"https://randomuser.me/api/portraits/med/women/29.jpg","thumbnail":"https://randomuser.me/api/portraits/thumb/women/29.jpg"}},{"name":{"title":"mr","first":"juvenal","last":"mendes"},"email":"juvenal.mendes@example.com","login":{"uuid":"063d0661-c18c-4997-936d-f0770825331d","username":"brownelephant811","password":"tolkien","salt":"KkcSum4C","md5":"eba72489a9aee4c3ebd1994aac98e821","sha1":"49cb2f2d8cd5a4064c7593e6848489273e452230","sha256":"bdd63b98e0a092726de7189186da0aea2cd0da63578b4bd459735390c6020267"},"picture":{"large":"https://randomuser.me/api/portraits/men/87.jpg","medium":"https://randomuser.me/api/portraits/med/men/87.jpg","thumbnail":"https://randomuser.me/api/portraits/thumb/men/87.jpg"}},{"name":{"title":"mrs","first":"marizete","last":"campos"},"email":"marizete.campos@example.com","login":{"uuid":"2c38f463-d85e-44a0-8cdb-49b1dd737f42","username":"brownpeacock742","password":"chao","salt":"tzIlLlgj","md5":"d60cbbe2970c8afe29e80fa33c5cffdb","sha1":"1ad5629ef4ae3e618ced830f1d1570e0ad33e189","sha256":"a6fb9df9f69af7441dfbcca40ce40bf69fee034160f577a2b7ebf4daa56be024"},"picture":{"large":"https://randomuser.me/api/portraits/women/56.jpg","medium":"https://randomuser.me/api/portraits/med/women/56.jpg","thumbnail":"https://randomuser.me/api/portraits/thumb/women/56.jpg"}},{"name":{"title":"mr","first":"sansão","last":"carvalho"},"email":"sansão.carvalho@example.com","login":{"uuid":"c7258000-a48a-42aa-90f9-2e99fc7cd198","username":"beautifulsnake232","password":"cobalt","salt":"7DvGiHGY","md5":"8070d59e4001811c2b03750a57ecf36e","sha1":"2d6a79e5d182a25b59989614db53f644580c67c3","sha256":"c23a026193f4b15bd2038fbd91b66f53c0d8c267368dc2ba92296d4772e1a40b"},"picture":{"large":"https://randomuser.me/api/portraits/men/74.jpg","medium":"https://randomuser.me/api/portraits/med/men/74.jpg","thumbnail":"https://randomuser.me/api/portraits/thumb/men/74.jpg"}},{"name":{"title":"mrs","first":"vanuza","last":"souza"},"email":"vanuza.souza@example.com","login":{"uuid":"32f3f6d0-3247-44b6-a1a8-72e24fee983c","username":"greenzebra111","password":"betty","salt":"IRocWrX2","md5":"c4dfdd1deba7573e987fef4c182911b3","sha1":"5d0c9c49fc708c729efa54608246f64f0da5ded3","sha256":"19d9c0c03146ac0812e447fc12839e75dcc87022f9770531c11b79f4b1022c60"},"picture":{"large":"https://randomuser.me/api/portraits/women/65.jpg","medium":"https://randomuser.me/api/portraits/med/women/65.jpg","thumbnail":"https://randomuser.me/api/portraits/thumb/women/65.jpg"}},{"name":{"title":"mr","first":"osvaldo","last":"oliveira"},"email":"osvaldo.oliveira@example.com","login":{"uuid":"ec58897d-61a3-49a9-9108-7690026ba72f","username":"ticklishbear565","password":"laurence","salt":"EaOtZOHN","md5":"d9d3a06c6015488d2a408643d2411f28","sha1":"8cfe08ef0c925529c66aee3c45c94501455acc0f","sha256":"bbd14b140b1dd67a27954ddae8b496c5288e0aea576e932345c9f49f9914695a"},"picture":{"large":"https://randomuser.me/api/portraits/men/97.jpg","medium":"https://randomuser.me/api/portraits/med/men/97.jpg","thumbnail":"https://randomuser.me/api/portraits/thumb/men/97.jpg"}},{"name":{"title":"mr","first":"durbalino","last":"nascimento"},"email":"durbalino.nascimento@example.com","login":{"uuid":"cbe715bb-3371-41bd-a051-c735fbb6824e","username":"beautifulladybug933","password":"blaine","salt":"MV5dYX7d","md5":"2504bf5d7c3ffc5f7ea47ad8b37c4150","sha1":"cb7b6ffb6542e8d043e36057ae2cca6fb54b93cb","sha256":"05bb62bbb680d068069637042a0873c7b2686628ba219dbabd96ca2d84eb159a"},"picture":{"large":"https://randomuser.me/api/portraits/men/13.jpg","medium":"https://randomuser.me/api/portraits/med/men/13.jpg","thumbnail":"https://randomuser.me/api/portraits/thumb/men/13.jpg"}},{"name":{"title":"mr","first":"geraldo","last":"vieira"},"email":"geraldo.vieira@example.com","login":{"uuid":"68fb2470-ba69-4260-b195-326bd3dc4998","username":"crazydog441","password":"buttman","salt":"VZkdWU3H","md5":"8efb8d890ad0da5e68d1d8dd8f232e8e","sha1":"4cf48c7ac7799fb75ceeec09b46b3a5126993094","sha256":"7d5287d9e704a9a757a46bcc22fe74f33f7ee474f87abc5fdb86735ed63e3a62"},"picture":{"large":"https://randomuser.me/api/portraits/men/77.jpg","medium":"https://randomuser.me/api/portraits/med/men/77.jpg","thumbnail":"https://randomuser.me/api/portraits/thumb/men/77.jpg"}},{"name":{"title":"mr","first":"bastião","last":"pires"},"email":"bastião.pires@example.com","login":{"uuid":"6a5920b5-3e7e-434c-b6d5-b1e8b35593b0","username":"greenlion519","password":"running","salt":"9lIWQlHi","md5":"264378f8bfdc9f04fa2cc0219830aa97","sha1":"df2e0011ff56aa1ebc292c51965f43eb10eff10f","sha256":"92be988fea470b82d820de4815689dc66445765667ba5d35106770382ecafb76"},"picture":{"large":"https://randomuser.me/api/portraits/men/23.jpg","medium":"https://randomuser.me/api/portraits/med/men/23.jpg","thumbnail":"https://randomuser.me/api/portraits/thumb/men/23.jpg"}},{"name":{"title":"miss","first":"marcela","last":"pires"},"email":"marcela.pires@example.com","login":{"uuid":"0a4322aa-158c-4c44-8469-3921234bb9d9","username":"redostrich296","password":"splurge","salt":"TQjY6De2","md5":"f70a69c4e236333b557ae52455db46ed","sha1":"77643b5cc60aab172ccec0493ba2bd6c809b87d3","sha256":"d5b51f4088910a7a3506bb50dfe93221fd48412bda42c3f2c7fc7f18032e7c9d"},"picture":{"large":"https://randomuser.me/api/portraits/women/50.jpg","medium":"https://randomuser.me/api/portraits/med/women/50.jpg","thumbnail":"https://randomuser.me/api/portraits/thumb/women/50.jpg"}},{"name":{"title":"mr","first":"reno","last":"porto"},"email":"reno.porto@example.com","login":{"uuid":"42acd445-8f96-41f0-9cd0-7d2b6e559f75","username":"goldenfish129","password":"logan1","salt":"F2nhCkI0","md5":"e98c5d2128a8675193c51d91ab84183f","sha1":"031adf75632bdacc6f72876657c488885bed4ee2","sha256":"a875fb24e63ad284a58ffd6bde5539ccb26da7b60b1703cafb8b03c491e76708"},"picture":{"large":"https://randomuser.me/api/portraits/men/55.jpg","medium":"https://randomuser.me/api/portraits/med/men/55.jpg","thumbnail":"https://randomuser.me/api/portraits/thumb/men/55.jpg"}},{"name":{"title":"mrs","first":"kely","last":"alves"},"email":"kely.alves@example.com","login":{"uuid":"88d31d24-4b55-4f28-84c8-b9787d5e611d","username":"organicwolf199","password":"sporty","salt":"y3o04FuN","md5":"1cc740dde432ffd3d10353f740ee5316","sha1":"6e50e2824cf7b99fc21e82c14ad195c9b4eebcc5","sha256":"af5e8dc92fb8bac60d7db0b70bc22266fec9b5694feaf27bcbefc4b44b85e033"},"picture":{"large":"https://randomuser.me/api/portraits/women/16.jpg","medium":"https://randomuser.me/api/portraits/med/women/16.jpg","thumbnail":"https://randomuser.me/api/portraits/thumb/women/16.jpg"}},{"name":{"title":"mrs","first":"susie","last":"barros"},"email":"susie.barros@example.com","login":{"uuid":"fa685549-9b30-4c4c-926f-0b8a3a15f3bb","username":"orangerabbit493","password":"camels","salt":"qdzIZ1Dj","md5":"f8a70746f867039f8ea3d05846e5d880","sha1":"a33fa99767bff2b2c36879bad94044f6569c28bf","sha256":"09bf47cda25380323d151117e5aaf1ce440b265eda931580469e69ae9b33b4e4"},"picture":{"large":"https://randomuser.me/api/portraits/women/84.jpg","medium":"https://randomuser.me/api/portraits/med/women/84.jpg","thumbnail":"https://randomuser.me/api/portraits/thumb/women/84.jpg"}},{"name":{"title":"mr","first":"reginaldo","last":"farias"},"email":"reginaldo.farias@example.com","login":{"uuid":"1d7410a5-b210-4cbd-8f56-d70a5da8a8d0","username":"greenpanda855","password":"luckyone","salt":"mkQW5YB4","md5":"afdf4c58df0df8feebb952c693a22594","sha1":"92440ecfc057cb6a88d2b11b2249abeb7a01305e","sha256":"0d1a822c13c89a1ab1c354e825157008f70baa2f4b1f4d6af859ef4d6c3e1bff"},"picture":{"large":"https://randomuser.me/api/portraits/men/83.jpg","medium":"https://randomuser.me/api/portraits/med/men/83.jpg","thumbnail":"https://randomuser.me/api/portraits/thumb/men/83.jpg"}},{"name":{"title":"mr","first":"romã","last":"souza"},"email":"romã.souza@example.com","login":{"uuid":"bf2c22c4-f967-4043-809a-bc7724adbb7c","username":"ticklishpeacock654","password":"basketball","salt":"oKwXrTTT","md5":"217fc548a614305f8f3093cc58b83024","sha1":"32a07848f46d3fcb49b7227ed5a9ff35d62eba94","sha256":"418bec0e8bea35bc42faf30bfaa0df9afcc1a50ca58215030c06f04edbdd6d9c"},"picture":{"large":"https://randomuser.me/api/portraits/men/32.jpg","medium":"https://randomuser.me/api/portraits/med/men/32.jpg","thumbnail":"https://randomuser.me/api/portraits/thumb/men/32.jpg"}},{"name":{"title":"mr","first":"guido","last":"teixeira"},"email":"guido.teixeira@example.com","login":{"uuid":"ce0dce02-07e8-4323-97f2-14757c115b2f","username":"beautifulostrich119","password":"blond","salt":"ZmfzUODN","md5":"eea1182efddea008c03f7b7abee9ab01","sha1":"6714ac1c5ca4bb8d1aec47c5869fdf1b9e081b3c","sha256":"9fa772ae640f3b6618227d79fa1809e486f24c77392fdbbe390d46505aee39a7"},"picture":{"large":"https://randomuser.me/api/portraits/men/92.jpg","medium":"https://randomuser.me/api/portraits/med/men/92.jpg","thumbnail":"https://randomuser.me/api/portraits/thumb/men/92.jpg"}},{"name":{"title":"mrs","first":"manuela","last":"aragão"},"email":"manuela.aragão@example.com","login":{"uuid":"8006fe7e-314c-4d20-8be8-3426decfa6d7","username":"heavykoala860","password":"bigpimp","salt":"a17lkRf7","md5":"65ea177d96d24100b3429557d9e9d604","sha1":"7db6fd0bf271fabf2c3eeb2857ee15025a477d2a","sha256":"10418bf01ec7d59f80ef112b34cb63112eab760dc10f2c785eedfd4132f2696c"},"picture":{"large":"https://randomuser.me/api/portraits/women/76.jpg","medium":"https://randomuser.me/api/portraits/med/women/76.jpg","thumbnail":"https://randomuser.me/api/portraits/thumb/women/76.jpg"}},{"name":{"title":"mr","first":"abelâmio","last":"lima"},"email":"abelâmio.lima@example.com","login":{"uuid":"d92d3c61-5b0b-4a41-ac11-1b52f28ca282","username":"crazycat583","password":"hoops","salt":"tQ7ctPnJ","md5":"ff4fefd63bb8cfc3bde4f74d62b98b1f","sha1":"67531a719dcb55ccfc5ef6ba9039bce7c95598ac","sha256":"634f384962d38814db903d9f5307de83235d55443b0a64b92da1173215995620"},"picture":{"large":"https://randomuser.me/api/portraits/men/82.jpg","medium":"https://randomuser.me/api/portraits/med/men/82.jpg","thumbnail":"https://randomuser.me/api/portraits/thumb/men/82.jpg"}},{"name":{"title":"mrs","first":"nica","last":"santos"},"email":"nica.santos@example.com","login":{"uuid":"97e5309d-f0e8-44d4-b59f-c755e7daac2d","username":"ticklishwolf893","password":"benton","salt":"aGh2Y3vE","md5":"95bbc942e79983e177e5b2b34c2f1432","sha1":"381051b394b909d80fd9bcc0b9b82dd1a599d744","sha256":"f2f3cf6dc5016489a47fa32578f6eb8fd55870f96284c3de6671e78a8bbfbe3e"},"picture":{"large":"https://randomuser.me/api/portraits/women/62.jpg","medium":"https://randomuser.me/api/portraits/med/women/62.jpg","thumbnail":"https://randomuser.me/api/portraits/thumb/women/62.jpg"}},{"name":{"title":"mrs","first":"florestana","last":"caldeira"},"email":"florestana.caldeira@example.com","login":{"uuid":"198bb2de-71dd-4aa3-9187-856705f6fd9e","username":"redrabbit668","password":"kume","salt":"y8HnxHQH","md5":"f58029244d3a3bd4cd607a75265abbd9","sha1":"73144fd154ccf537892dd82b13eedfd725da98dc","sha256":"1c9196eb484f1dbb3ff43be86c57a70628c44bc8a47c35b2e51b3f62a07d5e93"},"picture":{"large":"https://randomuser.me/api/portraits/women/36.jpg","medium":"https://randomuser.me/api/portraits/med/women/36.jpg","thumbnail":"https://randomuser.me/api/portraits/thumb/women/36.jpg"}},{"name":{"title":"miss","first":"benta","last":"da rosa"},"email":"benta.darosa@example.com","login":{"uuid":"6e7f515c-c8b5-49fe-8d31-728f85400e8c","username":"bigostrich673","password":"riversid","salt":"YzBEv9Cv","md5":"f70775eb56f5e5a9a79f7458b50237be","sha1":"762851716b8a4ec6d9011fa0eca90dab48939d2f","sha256":"ecb70ac49c986fe9f51be85d3cf9bdd7d8f589bf1f28e5c6e8f442f2a5907e57"},"picture":{"large":"https://randomuser.me/api/portraits/women/69.jpg","medium":"https://randomuser.me/api/portraits/med/women/69.jpg","thumbnail":"https://randomuser.me/api/portraits/thumb/women/69.jpg"}},{"name":{"title":"miss","first":"jane","last":"gonçalves"},"email":"jane.gonçalves@example.com","login":{"uuid":"2d43a571-a25f-4f20-8e3e-808d765a26d3","username":"redduck161","password":"fritz","salt":"bnB6LYJQ","md5":"078194a75ca81144dbf754a0f88fe592","sha1":"f9f051f9ce4cd2a9d18350c30b22c04e74bae01a","sha256":"c967deeae3672121930a5e255229bbbafa228192cfa729f31964081a1077f7e2"},"picture":{"large":"https://randomuser.me/api/portraits/women/90.jpg","medium":"https://randomuser.me/api/portraits/med/women/90.jpg","thumbnail":"https://randomuser.me/api/portraits/thumb/women/90.jpg"}},{"name":{"title":"miss","first":"berta","last":"silva"},"email":"berta.silva@example.com","login":{"uuid":"85ad9e1a-6287-4b3a-b4c3-311cc5e82a29","username":"tinyswan771","password":"7654321","salt":"xrvHaHsh","md5":"7e3ae528fb47ec21cd34c0a42f120ae0","sha1":"4754bbdd12ef1ff551963cb3e2db800984235610","sha256":"bf4462b92b4e90bca1a762b83a6b83d2e9ca92aa2d4e4e392b80b0c351f64a8f"},"picture":{"large":"https://randomuser.me/api/portraits/women/13.jpg","medium":"https://randomuser.me/api/portraits/med/women/13.jpg","thumbnail":"https://randomuser.me/api/portraits/thumb/women/13.jpg"}},{"name":{"title":"mr","first":"ildo","last":"ribeiro"},"email":"ildo.ribeiro@example.com","login":{"uuid":"184b00ea-4068-4dd7-a38c-66ad28f74fe3","username":"tinyostrich970","password":"wisdom","salt":"LxazL23q","md5":"9e275662e947270bc89028c8e2cb3cca","sha1":"90ec8e751da46b85dbaeb4855ad01a75032e3489","sha256":"0a2954f7d885cf446c06960915fcc1fca4532ee99b52d0689471ca09f85d02f2"},"picture":{"large":"https://randomuser.me/api/portraits/men/1.jpg","medium":"https://randomuser.me/api/portraits/med/men/1.jpg","thumbnail":"https://randomuser.me/api/portraits/thumb/men/1.jpg"}},{"name":{"title":"mr","first":"ildo","last":"de souza"},"email":"ildo.desouza@example.com","login":{"uuid":"c146dcdf-2790-4c63-95e4-c32aced7e85b","username":"silverwolf616","password":"hugo","salt":"nBdsyudd","md5":"4fa14d4bd5821d7bd687487dd7b8bdd7","sha1":"4074370ad01c404176f73bd6b757d6a3db7e25a3","sha256":"0ca3c4484b233193cdc32f4668e3ccf474ddcbe8b6261de0fe75dbe33241d992"},"picture":{"large":"https://randomuser.me/api/portraits/men/84.jpg","medium":"https://randomuser.me/api/portraits/med/men/84.jpg","thumbnail":"https://randomuser.me/api/portraits/thumb/men/84.jpg"}},{"name":{"title":"mr","first":"odeberto","last":"freitas"},"email":"odeberto.freitas@example.com","login":{"uuid":"fde20765-5d08-4e7c-84ce-72e62dfbf61e","username":"angrybird384","password":"kevin1","salt":"OMADPD5R","md5":"01f667692f076233378331ddfc082453","sha1":"2a7f2d9c4fe9257399d2e8d93591bcf02fadf7a0","sha256":"0f414657d6d80a465d88a970b25bb53eb4ab39563cb4ce24b1cf031c618dd2d1"},"picture":{"large":"https://randomuser.me/api/portraits/men/73.jpg","medium":"https://randomuser.me/api/portraits/med/men/73.jpg","thumbnail":"https://randomuser.me/api/portraits/thumb/men/73.jpg"}},{"name":{"title":"miss","first":"corina","last":"barbosa"},"email":"corina.barbosa@example.com","login":{"uuid":"95c4bbb1-db91-4f5a-bbc3-9edcc966463a","username":"redostrich477","password":"prince","salt":"apKFcKZ0","md5":"c93300563938173fbed1f4e59d61248b","sha1":"0aa877cc032c18be7c8d4d17a6ef70ea49634515","sha256":"51ff2e05cca56108a4db246912164eb45b1029f2e236746a4331906f968360a7"},"picture":{"large":"https://randomuser.me/api/portraits/women/51.jpg","medium":"https://randomuser.me/api/portraits/med/women/51.jpg","thumbnail":"https://randomuser.me/api/portraits/thumb/women/51.jpg"}},{"name":{"title":"ms","first":"eloísa","last":"barros"},"email":"eloísa.barros@example.com","login":{"uuid":"6e17f590-8d2d-4316-8a7a-20a06ae6bc39","username":"tinyfish887","password":"spinner","salt":"owwcFM8w","md5":"f8d912938ab4010ceb07e0548627f7d6","sha1":"26e0376bcd8789c2d5d9434db6c3e9ebb669c3e1","sha256":"1969e8e2ad0e057acc9bc01cffc2d4105bc9f0dda4f5584d919192e3cdf9f831"},"picture":{"large":"https://randomuser.me/api/portraits/women/0.jpg","medium":"https://randomuser.me/api/portraits/med/women/0.jpg","thumbnail":"https://randomuser.me/api/portraits/thumb/women/0.jpg"}},{"name":{"title":"mr","first":"deivid","last":"castro"},"email":"deivid.castro@example.com","login":{"uuid":"23bed17c-1b88-43cf-a067-1566f0df32b1","username":"crazypeacock681","password":"yeah","salt":"NF5vlF1h","md5":"a56ebb210c9eee2ed309b5cf7453ef7a","sha1":"b241df516f7a3ff983390a557312de25e8fdb0bd","sha256":"67ec515eb281d28703eb2cf557ba06beea5f36f484939b1e7ddfce4649b86caa"},"picture":{"large":"https://randomuser.me/api/portraits/men/86.jpg","medium":"https://randomuser.me/api/portraits/med/men/86.jpg","thumbnail":"https://randomuser.me/api/portraits/thumb/men/86.jpg"}},{"name":{"title":"mrs","first":"aci","last":"da costa"},"email":"aci.dacosta@example.com","login":{"uuid":"76dfcc00-e985-4ee8-b8a9-b51986235084","username":"organictiger358","password":"nittany","salt":"DPXIhn76","md5":"028c05d96becc358a3193b2251c91193","sha1":"8c660c2a1b3aa3f0c45fde2c0e774cedf5463f8c","sha256":"dea160a200d44a1c600f1915df6b76621b1292ee9aa5edb13cc7f4d6c16e8fb9"},"picture":{"large":"https://randomuser.me/api/portraits/women/18.jpg","medium":"https://randomuser.me/api/portraits/med/women/18.jpg","thumbnail":"https://randomuser.me/api/portraits/thumb/women/18.jpg"}},{"name":{"title":"mr","first":"alcino","last":"jesus"},"email":"alcino.jesus@example.com","login":{"uuid":"7cd4bf04-a397-4418-9dd2-a981571f8cbf","username":"goldenpeacock104","password":"onlyme","salt":"oPnf8f4S","md5":"a3d147fa7f006bb32e2ac25e80b5a46b","sha1":"53b31575fdc0b9fb1e1f718c5bae956369cd1211","sha256":"4d1525a50f52c432599eba0e3002202c43687ffbd97dc8a2233bc9bf6d2230a6"},"picture":{"large":"https://randomuser.me/api/portraits/men/72.jpg","medium":"https://randomuser.me/api/portraits/med/men/72.jpg","thumbnail":"https://randomuser.me/api/portraits/thumb/men/72.jpg"}},{"name":{"title":"mr","first":"barnabé","last":"melo"},"email":"barnabé.melo@example.com","login":{"uuid":"8fa8fecb-e704-4875-9081-dde572dee23a","username":"heavypeacock622","password":"mallard","salt":"9kLAvjME","md5":"d29f99a2a13351883edfbe50e416898b","sha1":"fa98290bc0727b69b57069efd33c385999c78f29","sha256":"6c953e8bfe6edbd7d2915fbca33823852a5896c2c7efbb376846ff12e95229b4"},"picture":{"large":"https://randomuser.me/api/portraits/men/44.jpg","medium":"https://randomuser.me/api/portraits/med/men/44.jpg","thumbnail":"https://randomuser.me/api/portraits/thumb/men/44.jpg"}},{"name":{"title":"mr","first":"heliodoro","last":"aragão"},"email":"heliodoro.aragão@example.com","login":{"uuid":"03d1f5be-42f6-4af6-8d50-e518f74ce56f","username":"happyelephant724","password":"cupcake","salt":"uxPzNFn1","md5":"5bb67f705e6bdb755852c57d45ecfd7c","sha1":"223a7cd2c8bc1a7925c46f710a127b092e0135aa","sha256":"14f480fda96f3999f38f4054ada0a370a72bb37369637a5ee3c9ffa3acad2820"},"picture":{"large":"https://randomuser.me/api/portraits/men/90.jpg","medium":"https://randomuser.me/api/portraits/med/men/90.jpg","thumbnail":"https://randomuser.me/api/portraits/thumb/men/90.jpg"}}],"info":{"seed":"b47f2bbb43accad6","results":50,"page":1,"version":"1.2"}}